,gpu,backend,nx,ny,nz,nIt,nWarmUp,type,time,mlups,bandwidth,compute
0,H100,CUDA Explicit Memory,2,1,1,1024,2,double,2.19405,0.933433,0.0149349,0.000933433
1,H100,CUDA Explicit Memory,3,1,1,1024,2,double,2.223,1.38192,0.0221107,0.00138192
2,H100,CUDA Explicit Memory,4,1,1,1024,2,double,2.39815,1.70798,0.0273277,0.00170798
3,H100,CUDA Explicit Memory,5,1,1,1024,2,double,2.2903,2.23551,0.0357682,0.00223551
4,H100,CUDA Explicit Memory,6,1,1,1024,2,double,2.20023,2.79243,0.0446789,0.00279243
5,H100,CUDA Explicit Memory,7,1,1,1024,2,double,2.22263,3.22501,0.0516001,0.00322501
6,H100,CUDA Explicit Memory,8,1,1,1024,2,double,2.42447,3.37888,0.0540621,0.00337888
7,H100,CUDA Explicit Memory,9,1,1,1024,2,double,2.31792,3.97598,0.0636156,0.00397598
8,H100,CUDA Explicit Memory,10,1,1,1024,2,double,2.39496,4.27564,0.0684103,0.00427564
9,H100,CUDA Explicit Memory,11,1,1,1024,2,double,2.1883,5.14737,0.0823579,0.00514737
10,H100,CUDA Explicit Memory,12,1,1,1024,2,double,2.22547,5.52153,0.0883444,0.00552153
11,H100,CUDA Explicit Memory,13,1,1,1024,2,double,2.35314,5.65712,0.0905139,0.00565712
12,H100,CUDA Explicit Memory,14,1,1,1024,2,double,2.40409,5.96317,0.0954107,0.00596317
13,H100,CUDA Explicit Memory,16,1,1,1024,2,double,2.25468,7.26666,0.116267,0.00726666
14,H100,CUDA Explicit Memory,17,1,1,1024,2,double,2.33614,7.45161,0.119226,0.00745161
15,H100,CUDA Explicit Memory,18,1,1,1024,2,double,2.19522,8.39642,0.134343,0.00839642
16,H100,CUDA Explicit Memory,19,1,1,1024,2,double,2.19563,8.86123,0.14178,0.00886123
17,H100,CUDA Explicit Memory,21,1,1,1024,2,double,2.271,9.46895,0.151503,0.00946895
18,H100,CUDA Explicit Memory,22,1,1,1024,2,double,2.25028,10.0112,0.160179,0.0100112
19,H100,CUDA Explicit Memory,24,1,1,1024,2,double,2.2323,11.0093,0.176149,0.0110093
20,H100,CUDA Explicit Memory,25,1,1,1024,2,double,2.21864,11.5386,0.184618,0.0115386
21,H100,CUDA Explicit Memory,27,1,1,1024,2,double,2.20043,12.5648,0.201037,0.0125648
22,H100,CUDA Explicit Memory,29,1,1,1024,2,double,2.29235,12.9544,0.20727,0.0129544
23,H100,CUDA Explicit Memory,32,1,1,1024,2,double,2.29561,14.2742,0.228387,0.0142742
24,H100,CUDA Explicit Memory,34,1,1,1024,2,double,2.32915,14.948,0.239167,0.014948
25,H100,CUDA Explicit Memory,36,1,1,1024,2,double,2.20487,16.7194,0.26751,0.0167194
26,H100,CUDA Explicit Memory,39,1,1,1024,2,double,2.21952,17.9931,0.28789,0.0179931
27,H100,CUDA Explicit Memory,42,1,1,1024,2,double,2.29089,18.7735,0.300376,0.0187735
28,H100,CUDA Explicit Memory,45,1,1,1024,2,double,2.22382,20.7211,0.331538,0.0207211
29,H100,CUDA Explicit Memory,48,1,1,1024,2,double,2.35154,20.9021,0.334433,0.0209021
30,H100,CUDA Explicit Memory,51,1,1,1024,2,double,2.37218,22.0152,0.352243,0.0220152
31,H100,CUDA Explicit Memory,55,1,1,1024,2,double,2.19369,25.6737,0.410779,0.0256737
32,H100,CUDA Explicit Memory,59,1,1,1024,2,double,2.25089,26.841,0.429456,0.026841
33,H100,CUDA Explicit Memory,64,1,1,1024,2,double,2.24491,29.1932,0.467091,0.0291932
34,H100,CUDA Explicit Memory,68,1,1,1024,2,double,2.33586,29.81,0.476961,0.02981
35,H100,CUDA Explicit Memory,73,1,1,1024,2,double,2.21289,33.7803,0.540485,0.0337803
36,H100,CUDA Explicit Memory,78,1,1,1024,2,double,2.21948,35.9868,0.575789,0.0359868
37,H100,CUDA Explicit Memory,84,1,1,1024,2,double,2.34436,36.6907,0.587051,0.0366907
38,H100,CUDA Explicit Memory,90,1,1,1024,2,double,2.28787,40.2821,0.644513,0.0402821
39,H100,CUDA Explicit Memory,97,1,1,1024,2,double,2.34745,42.3132,0.677011,0.0423132
40,H100,CUDA Explicit Memory,103,1,1,1024,2,double,2.3197,45.468,0.727488,0.045468
41,H100,CUDA Explicit Memory,111,1,1,1024,2,double,2.27251,50.017,0.800272,0.050017
42,H100,CUDA Explicit Memory,119,1,1,1024,2,double,2.27425,53.5808,0.857293,0.0535808
43,H100,CUDA Explicit Memory,128,1,1,1024,2,double,2.20938,59.3253,0.949205,0.0593253
44,H100,CUDA Explicit Memory,137,1,1,1024,2,double,2.34565,59.8078,0.956925,0.0598078
45,H100,CUDA Explicit Memory,147,1,1,1024,2,double,2.23862,67.2415,1.07586,0.0672415
46,H100,CUDA Explicit Memory,157,1,1,1024,2,double,2.42243,66.3665,1.06186,0.0663665
47,H100,CUDA Explicit Memory,168,1,1,1024,2,double,2.41625,71.198,1.13917,0.071198
48,H100,CUDA Explicit Memory,181,1,1,1024,2,double,2.21427,83.7044,1.33927,0.0837044
49,H100,CUDA Explicit Memory,194,1,1,1024,2,double,2.21199,89.8088,1.43694,0.0898088
50,H100,CUDA Explicit Memory,207,1,1,1024,2,double,2.22884,95.1025,1.52164,0.0951025
51,H100,CUDA Explicit Memory,222,1,1,1024,2,double,2.21333,102.709,1.64334,0.102709
52,H100,CUDA Explicit Memory,238,1,1,1024,2,double,2.40873,101.179,1.61886,0.101179
53,H100,CUDA Explicit Memory,256,1,1,1024,2,double,2.33508,112.263,1.79622,0.112263
54,H100,CUDA Explicit Memory,274,1,1,1024,2,double,2.20072,127.493,2.03989,0.127493
55,H100,CUDA Explicit Memory,294,1,1,1024,2,double,2.22771,135.142,2.16227,0.135142
56,H100,CUDA Explicit Memory,315,1,1,1024,2,double,2.3256,138.7,2.2192,0.1387
57,H100,CUDA Explicit Memory,337,1,1,1024,2,double,2.21071,156.098,2.49757,0.156098
58,H100,CUDA Explicit Memory,362,1,1,1024,2,double,2.24997,164.752,2.63604,0.164752
59,H100,CUDA Explicit Memory,388,1,1,1024,2,double,2.26513,175.404,2.80646,0.175404
60,H100,CUDA Explicit Memory,415,1,1,1024,2,double,2.2292,190.633,3.05014,0.190633
61,H100,CUDA Explicit Memory,445,1,1,1024,2,double,2.31579,196.771,3.14834,0.196771
62,H100,CUDA Explicit Memory,477,1,1,1024,2,double,2.44076,200.121,3.20194,0.200121
63,H100,CUDA Explicit Memory,512,1,1,1024,2,double,2.25166,232.845,3.72552,0.232845
64,H100,CUDA Explicit Memory,548,1,1,1024,2,double,2.28319,245.776,3.93241,0.245776
65,H100,CUDA Explicit Memory,588,1,1,1024,2,double,2.22161,271.025,4.3364,0.271025
66,H100,CUDA Explicit Memory,630,1,1,1024,2,double,2.22169,290.374,4.64598,0.290374
67,H100,CUDA Explicit Memory,675,1,1,1024,2,double,2.22647,310.447,4.96715,0.310447
68,H100,CUDA Explicit Memory,724,1,1,1024,2,double,2.20668,335.969,5.37551,0.335969
69,H100,CUDA Explicit Memory,776,1,1,1024,2,double,2.38961,332.533,5.32053,0.332533
70,H100,CUDA Explicit Memory,831,1,1,1024,2,double,2.21799,383.656,6.13849,0.383656
71,H100,CUDA Explicit Memory,891,1,1,1024,2,double,2.22648,409.788,6.55661,0.409788
72,H100,CUDA Explicit Memory,955,1,1,1024,2,double,2.43325,401.899,6.43038,0.401899
73,H100,CUDA Explicit Memory,1024,1,1,1024,2,double,2.39118,438.519,7.0163,0.438519
74,H100,CUDA Explicit Memory,1097,1,1,1024,2,double,2.26997,494.865,7.91784,0.494865
75,H100,CUDA Explicit Memory,1176,1,1,1024,2,double,2.29423,524.893,8.39829,0.524893
76,H100,CUDA Explicit Memory,1260,1,1,1024,2,double,2.4427,528.203,8.45125,0.528203
77,H100,CUDA Explicit Memory,1351,1,1,1024,2,double,2.27398,608.371,9.73394,0.608371
78,H100,CUDA Explicit Memory,1448,1,1,1024,2,double,2.25981,656.14,10.4982,0.65614
79,H100,CUDA Explicit Memory,1552,1,1,1024,2,double,2.2637,702.058,11.2329,0.702058
80,H100,CUDA Explicit Memory,1663,1,1,1024,2,double,2.26359,752.307,12.0369,0.752307
81,H100,CUDA Explicit Memory,1782,1,1,1024,2,double,2.2914,796.356,12.7417,0.796356
82,H100,CUDA Explicit Memory,1910,1,1,1024,2,double,2.24718,870.353,13.9257,0.870353
83,H100,CUDA Explicit Memory,2048,1,1,1024,2,double,2.27106,923.425,14.7748,0.923425
84,H100,CUDA Explicit Memory,2194,1,1,1024,2,double,2.30039,976.642,15.6263,0.976642
85,H100,CUDA Explicit Memory,2352,1,1,1024,2,double,2.35631,1022.13,16.354,1.02213
86,H100,CUDA Explicit Memory,2521,1,1,1024,2,double,2.57954,1000.76,16.0122,1.00076
87,H100,CUDA Explicit Memory,2702,1,1,1024,2,double,2.35873,1173.02,18.7684,1.17302
88,H100,CUDA Explicit Memory,2896,1,1,1024,2,double,2.35432,1259.6,20.1536,1.2596
89,H100,CUDA Explicit Memory,3104,1,1,1024,2,double,2.39929,1324.77,21.1963,1.32477
90,H100,CUDA Explicit Memory,3326,1,1,1024,2,double,2.38275,1429.37,22.8699,1.42937
91,H100,CUDA Explicit Memory,3565,1,1,1024,2,double,2.39974,1521.23,24.3397,1.52123
92,H100,CUDA Explicit Memory,3821,1,1,1024,2,double,2.38588,1639.94,26.2391,1.63994
93,H100,CUDA Explicit Memory,4096,1,1,1024,2,double,2.58749,1620.99,25.9359,1.62099
94,H100,CUDA Explicit Memory,4389,1,1,1024,2,double,2.40104,1871.83,29.9493,1.87183
95,H100,CUDA Explicit Memory,4705,1,1,1024,2,double,2.60199,1851.63,29.626,1.85163
96,H100,CUDA Explicit Memory,5042,1,1,1024,2,double,2.36379,2184.2,34.9473,2.1842
97,H100,CUDA Explicit Memory,5404,1,1,1024,2,double,2.39492,2310.59,36.9695,2.31059
98,H100,CUDA Explicit Memory,5792,1,1,1024,2,double,2.38795,2483.72,39.7395,2.48372
99,H100,CUDA Explicit Memory,6208,1,1,1024,2,double,2.58874,2455.63,39.29,2.45563
100,H100,CUDA Explicit Memory,6653,1,1,1024,2,double,2.56567,2655.31,42.485,2.65531
101,H100,CUDA Explicit Memory,7131,1,1,1024,2,double,2.38849,3057.22,48.9155,3.05722
102,H100,CUDA Explicit Memory,7643,1,1,1024,2,double,2.37485,3295.54,52.7287,3.29554
103,H100,CUDA Explicit Memory,8192,1,1,1024,2,double,2.41521,3473.23,55.5718,3.47323
104,H100,CUDA Explicit Memory,8779,1,1,1024,2,double,2.43663,3689.39,59.0303,3.68939
105,H100,CUDA Explicit Memory,9410,1,1,1024,2,double,2.43266,3961.02,63.3764,3.96102
106,H100,CUDA Explicit Memory,10085,1,1,1024,2,double,2.38797,4324.6,69.1937,4.3246
107,H100,CUDA Explicit Memory,10809,1,1,1024,2,double,2.38501,4640.82,74.2531,4.64082
108,H100,CUDA Explicit Memory,11585,1,1,1024,2,double,2.36761,5010.55,80.1687,5.01055
109,H100,CUDA Explicit Memory,12416,1,1,1024,2,double,2.43149,5228.88,83.662,5.22888
110,H100,CUDA Explicit Memory,13307,1,1,1024,2,double,2.40715,5660.78,90.5725,5.66078
111,H100,CUDA Explicit Memory,14263,1,1,1024,2,double,2.46464,5925.93,94.8149,5.92593
112,H100,CUDA Explicit Memory,15286,1,1,1024,2,double,2.5339,6177.37,98.8379,6.17737
113,H100,CUDA Explicit Memory,16384,1,1,1024,2,double,2.47617,6775.46,108.407,6.77546
114,H100,CUDA Explicit Memory,17559,1,1,1024,2,double,2.44578,7351.6,117.626,7.3516
115,H100,CUDA Explicit Memory,18820,1,1,1024,2,double,2.46221,7826.97,125.232,7.82697
116,H100,CUDA Explicit Memory,20171,1,1,1024,2,double,2.44573,8445.36,135.126,8.44536
117,H100,CUDA Explicit Memory,21618,1,1,1024,2,double,2.471,8958.64,143.338,8.95864
118,H100,CUDA Explicit Memory,23170,1,1,1024,2,double,2.4476,9693.59,155.098,9.69359
119,H100,CUDA Explicit Memory,24833,1,1,1024,2,double,2.54121,10006.6,160.106,10.0066
120,H100,CUDA Explicit Memory,26615,1,1,1024,2,double,2.42214,11251.9,180.031,11.2519
121,H100,CUDA Explicit Memory,28526,1,1,1024,2,double,2.49321,11716.1,187.457,11.7161
122,H100,CUDA Explicit Memory,30573,1,1,1024,2,double,2.50752,12485.2,199.762,12.4852
123,H100,CUDA Explicit Memory,32768,1,1,1024,2,double,2.44553,13720.7,219.532,13.7207
124,H100,CUDA Explicit Memory,35119,1,1,1024,2,double,2.39688,15003.6,240.058,15.0036
125,H100,CUDA Explicit Memory,37640,1,1,1024,2,double,2.46046,15665.1,250.642,15.6651
126,H100,CUDA Explicit Memory,40342,1,1,1024,2,double,2.42052,17066.7,273.067,17.0667
127,H100,CUDA Explicit Memory,43237,1,1,1024,2,double,2.54391,17404.2,278.467,17.4042
128,H100,CUDA Explicit Memory,46340,1,1,1024,2,double,2.4902,19055.6,304.889,19.0556
129,H100,CUDA Explicit Memory,49667,1,1,1024,2,double,2.5129,20239.2,323.827,20.2392
130,H100,CUDA Explicit Memory,53231,1,1,1024,2,double,2.52446,21592.2,345.475,21.5922
131,H100,CUDA Explicit Memory,57052,1,1,1024,2,double,2.49914,23376.6,374.025,23.3766
132,H100,CUDA Explicit Memory,61147,1,1,1024,2,double,2.48469,25200.1,403.202,25.2001
133,H100,CUDA Explicit Memory,65536,1,1,1024,2,double,2.5423,26396.9,422.351,26.3969
134,H100,CUDA Explicit Memory,70239,1,1,1024,2,double,2.44364,29433.5,470.935,29.4335
135,H100,CUDA Explicit Memory,75281,1,1,1024,2,double,2.53687,30387.0,486.191,30.387
136,H100,CUDA Explicit Memory,80684,1,1,1024,2,double,2.47221,33419.7,534.715,33.4197
137,H100,CUDA Explicit Memory,86475,1,1,1024,2,double,2.47365,35797.5,572.76,35.7975
138,H100,CUDA Explicit Memory,92681,1,1,1024,2,double,2.58484,36716.2,587.458,36.7162
139,H100,CUDA Explicit Memory,99334,1,1,1024,2,double,2.5106,40515.4,648.247,40.5154
140,H100,CUDA Explicit Memory,106463,1,1,1024,2,double,2.52739,43134.7,690.155,43.1347
141,H100,CUDA Explicit Memory,114104,1,1,1024,2,double,2.54975,45825.1,733.202,45.8251
142,H100,CUDA Explicit Memory,122294,1,1,1024,2,double,2.72048,46032.0,736.512,46.032
143,H100,CUDA Explicit Memory,131072,1,1,1024,2,double,2.74685,48862.4,781.799,48.8624
144,H100,CUDA Explicit Memory,140479,1,1,1024,2,double,2.58495,55649.3,890.388,55.6493
145,H100,CUDA Explicit Memory,150562,1,1,1024,2,double,2.78041,55450.7,887.21,55.4507
146,H100,CUDA Explicit Memory,161368,1,1,1024,2,double,2.6403,62584.1,1001.35,62.5841
147,H100,CUDA Explicit Memory,172950,1,1,1024,2,double,2.65796,66630.3,1066.09,66.6303
148,H100,CUDA Explicit Memory,185363,1,1,1024,2,double,2.66582,71202.0,1139.23,71.202
149,H100,CUDA Explicit Memory,198668,1,1,1024,2,double,2.71473,74937.9,1199.01,74.9379
150,H100,CUDA Explicit Memory,212927,1,1,1024,2,double,2.75156,79241.3,1267.86,79.2413
151,H100,CUDA Explicit Memory,228209,1,1,1024,2,double,2.79476,83615.8,1337.85,83.6158
152,H100,CUDA Explicit Memory,244589,1,1,1024,2,double,3.01467,83080.1,1329.28,83.0801
153,H100,CUDA Explicit Memory,262144,1,1,1024,2,double,2.88023,93199.3,1491.19,93.1993
154,H100,CUDA Explicit Memory,280958,1,1,1024,2,double,3.33981,86142.9,1378.29,86.1429
155,H100,CUDA Explicit Memory,301124,1,1,1024,2,double,3.39059,90943.2,1455.09,90.9432
156,H100,CUDA Explicit Memory,322737,1,1,1024,2,double,3.28816,100507.0,1608.11,100.507
157,H100,CUDA Explicit Memory,345901,1,1,1024,2,double,3.33963,106060.0,1696.97,106.06
158,H100,CUDA Explicit Memory,370727,1,1,1024,2,double,3.57492,106191.0,1699.06,106.191
159,H100,CUDA Explicit Memory,397336,1,1,1024,2,double,3.48758,116663.0,1866.61,116.663
160,H100,CUDA Explicit Memory,425854,1,1,1024,2,double,3.56323,122382.0,1958.11,122.382
161,H100,CUDA Explicit Memory,456419,1,1,1024,2,double,3.68481,126838.0,2029.4,126.838
162,H100,CUDA Explicit Memory,489178,1,1,1024,2,double,3.73283,134193.0,2147.08,134.193
163,H100,CUDA Explicit Memory,524288,1,1,512,2,double,1.95537,137281.0,2196.5,137.281
164,H100,CUDA Explicit Memory,561917,1,1,512,2,double,2.03032,141703.0,2267.24,141.703
165,H100,CUDA Explicit Memory,602248,1,1,512,2,double,2.03984,151164.0,2418.63,151.164
166,H100,CUDA Explicit Memory,645474,1,1,512,2,double,2.09339,157870.0,2525.92,157.87
167,H100,CUDA Explicit Memory,691802,1,1,512,2,double,2.23711,158331.0,2533.29,158.331
168,H100,CUDA Explicit Memory,741455,1,1,512,2,double,2.20161,172431.0,2758.89,172.431
169,H100,CUDA Explicit Memory,794672,1,1,512,2,double,2.27699,178689.0,2859.02,178.689
170,H100,CUDA Explicit Memory,851708,1,1,512,2,double,2.32952,187195.0,2995.12,187.195
171,H100,CUDA Explicit Memory,912838,1,1,512,2,double,2.42344,192855.0,3085.68,192.855
172,H100,CUDA Explicit Memory,978356,1,1,512,2,double,2.50797,199731.0,3195.69,199.731
173,H100,CUDA Explicit Memory,1048576,1,1,128,2,double,0.65578,204669.0,3274.7,204.669
174,H100,CUDA Explicit Memory,1123835,1,1,128,2,double,0.68241,210798.0,3372.77,210.798
175,H100,CUDA Explicit Memory,1204497,1,1,128,2,double,0.73351,210189.0,3363.02,210.189
176,H100,CUDA Explicit Memory,1290948,1,1,128,2,double,0.73614,224470.0,3591.52,224.47
177,H100,CUDA Explicit Memory,1383604,1,1,128,2,double,0.76122,232655.0,3722.47,232.655
178,H100,CUDA Explicit Memory,1482910,1,1,128,2,double,0.79304,239348.0,3829.57,239.348
179,H100,CUDA Explicit Memory,1589344,1,1,128,2,double,0.84243,241487.0,3863.79,241.487
180,H100,CUDA Explicit Memory,1703416,1,1,128,2,double,0.877039,248606.0,3977.7,248.606
181,H100,CUDA Explicit Memory,1825676,1,1,128,2,double,0.92092,253753.0,4060.05,253.753
182,H100,CUDA Explicit Memory,1956712,1,1,128,2,double,0.97036,258110.0,4129.75,258.11
183,H100,CUDA Explicit Memory,2097152,1,1,32,2,double,0.27245,246316.0,3941.06,246.316
184,H100,CUDA Explicit Memory,2247671,1,1,32,2,double,0.284289,253001.0,4048.02,253.001
185,H100,CUDA Explicit Memory,2408995,1,1,32,2,double,0.32393,237977.0,3807.63,237.977
186,H100,CUDA Explicit Memory,2581896,1,1,32,2,double,0.35089,235460.0,3767.37,235.46
187,H100,CUDA Explicit Memory,2767208,1,1,32,2,double,0.4041,219131.0,3506.09,219.131
188,H100,CUDA Explicit Memory,2965820,1,1,32,2,double,0.45427,208920.0,3342.73,208.92
189,H100,CUDA Explicit Memory,3178688,1,1,32,2,double,0.48862,208174.0,3330.79,208.174
190,H100,CUDA Explicit Memory,3406833,1,1,32,2,double,0.53255,204711.0,3275.37,204.711
191,H100,CUDA Explicit Memory,3651353,1,1,32,2,double,0.62411,187216.0,2995.45,187.216
192,H100,CUDA Explicit Memory,3913424,1,1,32,2,double,0.77812,160939.0,2575.02,160.939
193,H100,CUDA Explicit Memory,4194304,1,1,8,2,double,0.2276,147427.0,2358.84,147.427
194,H100,CUDA Explicit Memory,4495343,1,1,8,2,double,0.27056,132920.0,2126.71,132.92
195,H100,CUDA Explicit Memory,4817990,1,1,8,2,double,0.30886,124794.0,1996.71,124.794
196,H100,CUDA Explicit Memory,5163793,1,1,8,2,double,0.33682,122648.0,1962.37,122.648
197,H100,CUDA Explicit Memory,5534417,1,1,8,2,double,0.36089,122684.0,1962.94,122.684
198,H100,CUDA Explicit Memory,5931641,1,1,8,2,double,0.385679,123038.0,1968.61,123.038
199,H100,CUDA Explicit Memory,6357376,1,1,8,2,double,0.41386,122889.0,1966.23,122.889
200,H100,CUDA Explicit Memory,6813666,1,1,8,2,double,0.43931,124079.0,1985.27,124.079
201,H100,CUDA Explicit Memory,7302707,1,1,8,2,double,0.46948,124439.0,1991.03,124.439
202,H100,CUDA Explicit Memory,7826848,1,1,8,2,double,0.5,125230.0,2003.67,125.23
203,H100,CUDA Explicit Memory,8388608,1,1,2,2,double,0.13336,125804.0,2012.86,125.804
204,H100,CUDA Explicit Memory,8990687,1,1,2,2,double,0.14231,126354.0,2021.66,126.354
205,H100,CUDA Explicit Memory,9635980,1,1,2,2,double,0.1523,126539.0,2024.63,126.539
206,H100,CUDA Explicit Memory,10327587,1,1,2,2,double,0.16314,126610.0,2025.76,126.61
207,H100,CUDA Explicit Memory,11068834,1,1,2,2,double,0.17635,125533.0,2008.52,125.533
208,H100,CUDA Explicit Memory,11863283,1,1,2,2,double,0.1874,126609.0,2025.75,126.609
209,H100,CUDA Explicit Memory,12714752,1,1,2,2,double,0.201729,126058.0,2016.92,126.058
210,H100,CUDA Explicit Memory,13627333,1,1,2,2,double,0.216099,126121.0,2017.94,126.121
211,H100,CUDA Explicit Memory,14605414,1,1,2,2,double,0.229709,127164.0,2034.63,127.164
212,H100,CUDA Explicit Memory,15653696,1,1,2,2,double,0.24516,127702.0,2043.23,127.702
213,H100,CUDA Explicit Memory,16777216,1,1,2,2,double,0.26205,128046.0,2048.73,128.046
214,H100,CUDA Explicit Memory,17981374,1,1,2,2,double,0.2791,128853.0,2061.64,128.853
215,H100,CUDA Explicit Memory,19271960,1,1,2,2,double,0.298679,129048.0,2064.77,129.048
216,H100,CUDA Explicit Memory,20655175,1,1,2,2,double,0.31802,129899.0,2078.38,129.899
217,H100,CUDA Explicit Memory,22137669,1,1,2,2,double,0.33891,130640.0,2090.25,130.64
218,H100,CUDA Explicit Memory,23726566,1,1,2,2,double,0.36179,131162.0,2098.59,131.162
219,H100,CUDA Explicit Memory,25429504,1,1,2,2,double,0.38597,131769.0,2108.31,131.769
220,H100,CUDA Explicit Memory,27254667,1,1,2,2,double,0.41445,131522.0,2104.35,131.522
221,H100,CUDA Explicit Memory,29210829,1,1,2,2,double,0.44268,131973.0,2111.56,131.973
222,H100,CUDA Explicit Memory,31307392,1,1,2,2,double,0.47253,132510.0,2120.15,132.51
223,H100,CUDA Explicit Memory,33554432,1,1,2,2,double,0.50526,132820.0,2125.13,132.82
224,H100,CUDA Explicit Memory,35962749,1,1,2,2,double,0.54174,132768.0,2124.28,132.768
225,H100,CUDA Explicit Memory,38543920,1,1,2,2,double,0.58013,132880.0,2126.08,132.88
226,H100,CUDA Explicit Memory,41310351,1,1,2,2,double,0.61979,133304.0,2132.87,133.304
227,H100,CUDA Explicit Memory,44275338,1,1,2,2,double,0.66628,132903.0,2126.45,132.903
228,H100,CUDA Explicit Memory,47453132,1,1,2,2,double,0.71093,133496.0,2135.93,133.496
229,H100,CUDA Explicit Memory,50859008,1,1,2,2,double,0.75748,134285.0,2148.56,134.285
230,H100,CUDA Explicit Memory,54509335,1,1,2,2,double,0.81055,134500.0,2151.99,134.5
231,H100,CUDA Explicit Memory,58421659,1,1,2,2,double,0.868909,134471.0,2151.54,134.471
232,H100,CUDA Explicit Memory,62614784,1,1,2,2,double,0.932549,134287.0,2148.6,134.287
233,H100,CUDA Explicit Memory,67108864,1,1,2,2,double,0.998819,134376.0,2150.02,134.376
234,H100,CUDA Explicit Memory,71925499,1,1,2,2,double,1.06666,134861.0,2157.78,134.861
235,H100,CUDA Explicit Memory,77087841,1,1,2,2,double,1.14497,134655.0,2154.48,134.655
236,H100,CUDA Explicit Memory,82620702,1,1,2,2,double,1.22737,134630.0,2154.09,134.63
237,H100,CUDA Explicit Memory,88550676,1,1,2,2,double,1.31434,134745.0,2155.93,134.745
238,H100,CUDA Explicit Memory,94906265,1,1,2,2,double,1.40373,135220.0,2163.52,135.22
239,H100,CUDA Explicit Memory,101718016,1,1,2,2,double,1.50609,135076.0,2161.21,135.076
240,H100,CUDA Explicit Memory,109018671,1,1,2,2,double,1.60951,135468.0,2167.49,135.468
241,H100,CUDA Explicit Memory,116843318,1,1,2,2,double,1.72442,135516.0,2168.26,135.516
242,H100,CUDA Explicit Memory,125229568,1,1,2,2,double,1.85268,135188.0,2163.0,135.188
243,H100,CUDA Explicit Memory,134217728,1,1,2,2,double,1.97807,135706.0,2171.29,135.706
244,H100,CUDA Explicit Memory,143850999,1,1,2,2,double,2.12075,135661.0,2170.57,135.661
245,H100,CUDA Explicit Memory,154175683,1,1,2,2,double,2.27297,135660.0,2170.56,135.66
246,H100,CUDA Explicit Memory,165241405,1,1,2,2,double,2.43958,135467.0,2167.47,135.467
247,H100,CUDA Explicit Memory,177101353,1,1,2,2,double,2.61709,135342.0,2165.48,135.342
248,H100,CUDA Explicit Memory,189812531,1,1,2,2,double,2.79156,135990.0,2175.85,135.99
249,H100,CUDA Explicit Memory,203436033,1,1,2,2,double,2.99543,135831.0,2173.3,135.831
250,H100,CUDA Explicit Memory,218037342,1,1,2,2,double,3.205,136061.0,2176.97,136.061
251,H100,CUDA Explicit Memory,233686637,1,1,2,2,double,3.43577,136032.0,2176.51,136.032
252,H100,CUDA Explicit Memory,250459136,1,1,2,2,double,3.68656,135877.0,2174.03,135.877
253,H100,CUDA Explicit Memory,268435456,1,1,2,2,double,3.94074,136236.0,2179.78,136.236
254,H100,CUDA Explicit Memory,287701998,1,1,2,2,double,4.22194,136289.0,2180.62,136.289
255,H100,CUDA Explicit Memory,308351366,1,1,2,2,double,4.52868,136177.0,2178.83,136.177
256,H100,CUDA Explicit Memory,330482811,1,1,2,2,double,4.85014,136278.0,2180.44,136.278
257,H100,CUDA Explicit Memory,354202707,1,1,2,2,double,5.2199,135713.0,2171.4,135.713
258,H100,CUDA Explicit Memory,379625062,1,1,2,2,double,5.56775,136366.0,2181.85,136.366
259,H100,CUDA Explicit Memory,406872067,1,1,2,2,double,5.96202,136488.0,2183.81,136.488
260,H100,CUDA Explicit Memory,436074684,1,1,2,2,double,6.3913,136459.0,2183.34,136.459
261,H100,CUDA Explicit Memory,467373274,1,1,2,2,double,6.8602,136256.0,2180.1,136.256
262,H100,CUDA Explicit Memory,500918273,1,1,2,2,double,7.35035,136298.0,2180.77,136.298
263,H100,CUDA Explicit Memory,536870912,1,1,2,2,double,7.88695,136142.0,2178.27,136.142
264,H100,CUDA Explicit Memory,575403996,1,1,2,2,double,8.45496,136110.0,2177.77,136.11
265,H100,CUDA Explicit Memory,616702733,1,1,2,2,double,9.03229,136555.0,2184.88,136.555
266,H100,CUDA Explicit Memory,660965623,1,1,2,2,double,9.67842,136585.0,2185.37,136.585
267,H100,CUDA Explicit Memory,708405415,1,1,2,2,double,10.4033,136188.0,2179.01,136.188
268,H100,CUDA Explicit Memory,759250124,1,1,2,2,double,11.1188,136570.0,2185.12,136.57
269,H100,CUDA Explicit Memory,813744135,1,1,2,2,double,11.9358,136353.0,2181.65,136.353
270,H100,CUDA Explicit Memory,872149369,1,1,2,2,double,12.8275,135982.0,2175.7,135.982
271,H100,CUDA Explicit Memory,934746549,1,1,2,2,double,13.6792,136667.0,2186.67,136.667
272,H100,CUDA Explicit Memory,1001836546,1,1,2,2,double,14.6628,136650.0,2186.4,136.65
273,H100,CUDA Explicit Memory,1073741824,1,1,2,2,double,15.7323,136502.0,2184.03,136.502
274,H100,CUDA Explicit Memory,2,1,1,1024,2,float,2.18434,0.937585,0.00750068,0.000937585
275,H100,CUDA Explicit Memory,3,1,1,1024,2,float,2.37786,1.29192,0.0103353,0.00129192
276,H100,CUDA Explicit Memory,4,1,1,1024,2,float,2.41493,1.69612,0.0135689,0.00169612
277,H100,CUDA Explicit Memory,5,1,1,1024,2,float,2.30807,2.21831,0.0177465,0.00221831
278,H100,CUDA Explicit Memory,6,1,1,1024,2,float,2.30565,2.66476,0.0213181,0.00266476
279,H100,CUDA Explicit Memory,7,1,1,1024,2,float,2.32438,3.08384,0.0246707,0.00308384
280,H100,CUDA Explicit Memory,8,1,1,1024,2,float,2.20537,3.71458,0.0297166,0.00371458
281,H100,CUDA Explicit Memory,9,1,1,1024,2,float,2.20765,4.17458,0.0333967,0.00417458
282,H100,CUDA Explicit Memory,10,1,1,1024,2,float,2.19949,4.65563,0.0372451,0.00465563
283,H100,CUDA Explicit Memory,11,1,1,1024,2,float,2.29593,4.90608,0.0392487,0.00490608
284,H100,CUDA Explicit Memory,12,1,1,1024,2,float,2.28494,5.37783,0.0430226,0.00537783
285,H100,CUDA Explicit Memory,13,1,1,1024,2,float,2.18179,6.10142,0.0488114,0.00610142
286,H100,CUDA Explicit Memory,14,1,1,1024,2,float,2.35992,6.07479,0.0485983,0.00607479
287,H100,CUDA Explicit Memory,16,1,1,1024,2,float,2.36276,6.93428,0.0554742,0.00693428
288,H100,CUDA Explicit Memory,17,1,1,1024,2,float,2.22871,7.81081,0.0624865,0.00781081
289,H100,CUDA Explicit Memory,18,1,1,1024,2,float,2.36729,7.78613,0.0622891,0.00778613
290,H100,CUDA Explicit Memory,19,1,1,1024,2,float,2.19548,8.86186,0.0708948,0.00886186
291,H100,CUDA Explicit Memory,21,1,1,1024,2,float,2.18363,9.84784,0.0787827,0.00984784
292,H100,CUDA Explicit Memory,22,1,1,1024,2,float,2.23477,10.0807,0.0806455,0.0100807
293,H100,CUDA Explicit Memory,24,1,1,1024,2,float,2.39968,10.2414,0.0819311,0.0102414
294,H100,CUDA Explicit Memory,25,1,1,1024,2,float,2.24998,11.3779,0.0910232,0.0113779
295,H100,CUDA Explicit Memory,27,1,1,1024,2,float,2.22773,12.4109,0.0992869,0.0124109
296,H100,CUDA Explicit Memory,29,1,1,1024,2,float,2.19608,13.5223,0.108178,0.0135223
297,H100,CUDA Explicit Memory,32,1,1,1024,2,float,2.20339,14.8717,0.118973,0.0148717
298,H100,CUDA Explicit Memory,34,1,1,1024,2,float,2.22873,15.6215,0.124972,0.0156215
299,H100,CUDA Explicit Memory,36,1,1,1024,2,float,2.25004,16.3837,0.13107,0.0163837
300,H100,CUDA Explicit Memory,39,1,1,1024,2,float,2.19283,18.2121,0.145697,0.0182121
301,H100,CUDA Explicit Memory,42,1,1,1024,2,float,2.19578,19.5867,0.156694,0.0195867
302,H100,CUDA Explicit Memory,45,1,1,1024,2,float,2.35195,19.5923,0.156738,0.0195923
303,H100,CUDA Explicit Memory,48,1,1,1024,2,float,2.30487,21.3253,0.170603,0.0213253
304,H100,CUDA Explicit Memory,51,1,1,1024,2,float,2.26463,23.0608,0.184486,0.0230608
305,H100,CUDA Explicit Memory,55,1,1,1024,2,float,2.19585,25.6484,0.205187,0.0256484
306,H100,CUDA Explicit Memory,59,1,1,1024,2,float,2.21986,27.2162,0.217729,0.0272162
307,H100,CUDA Explicit Memory,64,1,1,1024,2,float,2.38978,27.4235,0.219388,0.0274235
308,H100,CUDA Explicit Memory,68,1,1,1024,2,float,2.25272,30.9102,0.247282,0.0309102
309,H100,CUDA Explicit Memory,73,1,1,1024,2,float,2.1943,34.0665,0.272532,0.0340665
310,H100,CUDA Explicit Memory,78,1,1,1024,2,float,2.23866,35.6785,0.285428,0.0356785
311,H100,CUDA Explicit Memory,84,1,1,1024,2,float,2.28256,37.6841,0.301473,0.0376841
312,H100,CUDA Explicit Memory,90,1,1,1024,2,float,2.3898,38.564,0.308512,0.038564
313,H100,CUDA Explicit Memory,97,1,1,1024,2,float,2.29825,43.219,0.345752,0.043219
314,H100,CUDA Explicit Memory,103,1,1,1024,2,float,2.20443,47.8456,0.382764,0.0478456
315,H100,CUDA Explicit Memory,111,1,1,1024,2,float,2.19734,51.7281,0.413825,0.0517281
316,H100,CUDA Explicit Memory,119,1,1,1024,2,float,2.23781,54.4533,0.435627,0.0544533
317,H100,CUDA Explicit Memory,128,1,1,1024,2,float,2.23356,58.6831,0.469465,0.0586831
318,H100,CUDA Explicit Memory,137,1,1,1024,2,float,2.27955,61.5421,0.492337,0.0615421
319,H100,CUDA Explicit Memory,147,1,1,1024,2,float,2.35615,63.8874,0.511099,0.0638874
320,H100,CUDA Explicit Memory,157,1,1,1024,2,float,2.26211,71.0701,0.56856,0.0710701
321,H100,CUDA Explicit Memory,168,1,1,1024,2,float,2.20953,77.8592,0.622874,0.0778592
322,H100,CUDA Explicit Memory,181,1,1,1024,2,float,2.21132,83.8162,0.670529,0.0838162
323,H100,CUDA Explicit Memory,194,1,1,1024,2,float,2.25096,88.2541,0.706032,0.0882541
324,H100,CUDA Explicit Memory,207,1,1,1024,2,float,2.20903,95.9554,0.767643,0.0959554
325,H100,CUDA Explicit Memory,222,1,1,1024,2,float,2.27305,100.01,0.800082,0.10001
326,H100,CUDA Explicit Memory,238,1,1,1024,2,float,2.25926,107.873,0.862981,0.107873
327,H100,CUDA Explicit Memory,256,1,1,1024,2,float,2.21103,118.562,0.948497,0.118562
328,H100,CUDA Explicit Memory,274,1,1,1024,2,float,2.23678,125.438,1.0035,0.125438
329,H100,CUDA Explicit Memory,294,1,1,1024,2,float,2.338,128.767,1.03013,0.128767
330,H100,CUDA Explicit Memory,315,1,1,1024,2,float,2.24672,143.57,1.14856,0.14357
331,H100,CUDA Explicit Memory,337,1,1,1024,2,float,2.42277,142.436,1.13948,0.142436
332,H100,CUDA Explicit Memory,362,1,1,1024,2,float,2.24977,164.767,1.31814,0.164767
333,H100,CUDA Explicit Memory,388,1,1,1024,2,float,2.22782,178.341,1.42673,0.178341
334,H100,CUDA Explicit Memory,415,1,1,1024,2,float,2.41467,175.991,1.40793,0.175991
335,H100,CUDA Explicit Memory,445,1,1,1024,2,float,2.40648,189.356,1.51485,0.189356
336,H100,CUDA Explicit Memory,477,1,1,1024,2,float,2.2617,215.965,1.72772,0.215965
337,H100,CUDA Explicit Memory,512,1,1,1024,2,float,2.2188,236.294,1.89035,0.236294
338,H100,CUDA Explicit Memory,548,1,1,1024,2,float,2.20426,254.577,2.03661,0.254577
339,H100,CUDA Explicit Memory,588,1,1,1024,2,float,2.35031,256.185,2.04948,0.256185
340,H100,CUDA Explicit Memory,630,1,1,1024,2,float,2.19765,293.55,2.3484,0.29355
341,H100,CUDA Explicit Memory,675,1,1,1024,2,float,2.2013,313.997,2.51197,0.313997
342,H100,CUDA Explicit Memory,724,1,1,1024,2,float,2.27915,325.287,2.60229,0.325287
343,H100,CUDA Explicit Memory,776,1,1,1024,2,float,2.25568,352.278,2.81822,0.352278
344,H100,CUDA Explicit Memory,831,1,1,1024,2,float,2.23553,380.646,3.04517,0.380646
345,H100,CUDA Explicit Memory,891,1,1,1024,2,float,2.21934,411.107,3.28885,0.411107
346,H100,CUDA Explicit Memory,955,1,1,1024,2,float,2.26076,432.563,3.46051,0.432563
347,H100,CUDA Explicit Memory,1024,1,1,1024,2,float,2.26604,462.736,3.70189,0.462736
348,H100,CUDA Explicit Memory,1097,1,1,1024,2,float,2.23708,502.141,4.01713,0.502141
349,H100,CUDA Explicit Memory,1176,1,1,1024,2,float,2.24095,537.373,4.29898,0.537373
350,H100,CUDA Explicit Memory,1260,1,1,1024,2,float,2.22962,578.683,4.62946,0.578683
351,H100,CUDA Explicit Memory,1351,1,1,1024,2,float,2.39171,578.426,4.6274,0.578426
352,H100,CUDA Explicit Memory,1448,1,1,1024,2,float,2.34118,633.336,5.06669,0.633336
353,H100,CUDA Explicit Memory,1552,1,1,1024,2,float,2.25259,705.522,5.64417,0.705522
354,H100,CUDA Explicit Memory,1663,1,1,1024,2,float,2.25275,755.927,6.04742,0.755927
355,H100,CUDA Explicit Memory,1782,1,1,1024,2,float,2.25761,808.276,6.46621,0.808276
356,H100,CUDA Explicit Memory,1910,1,1,1024,2,float,2.3101,846.649,6.77319,0.846649
357,H100,CUDA Explicit Memory,2048,1,1,1024,2,float,2.26394,926.33,7.41064,0.92633
358,H100,CUDA Explicit Memory,2194,1,1,1024,2,float,2.27132,989.143,7.91314,0.989143
359,H100,CUDA Explicit Memory,2352,1,1,1024,2,float,2.35826,1021.28,8.17027,1.02128
360,H100,CUDA Explicit Memory,2521,1,1,1024,2,float,2.36299,1092.48,8.7398,1.09248
361,H100,CUDA Explicit Memory,2702,1,1,1024,2,float,2.36151,1171.65,9.37316,1.17165
362,H100,CUDA Explicit Memory,2896,1,1,1024,2,float,2.34944,1262.22,10.0978,1.26222
363,H100,CUDA Explicit Memory,3104,1,1,1024,2,float,2.34474,1355.59,10.8447,1.35559
364,H100,CUDA Explicit Memory,3326,1,1,1024,2,float,2.34573,1451.93,11.6154,1.45193
365,H100,CUDA Explicit Memory,3565,1,1,1024,2,float,2.37696,1535.81,12.2865,1.53581
366,H100,CUDA Explicit Memory,3821,1,1,1024,2,float,2.36126,1657.04,13.2563,1.65704
367,H100,CUDA Explicit Memory,4096,1,1,1024,2,float,2.35271,1782.76,14.2621,1.78276
368,H100,CUDA Explicit Memory,4389,1,1,1024,2,float,2.379,1889.17,15.1133,1.88917
369,H100,CUDA Explicit Memory,4705,1,1,1024,2,float,2.3708,2032.2,16.2576,2.0322
370,H100,CUDA Explicit Memory,5042,1,1,1024,2,float,2.36164,2186.2,17.4896,2.1862
371,H100,CUDA Explicit Memory,5404,1,1,1024,2,float,2.38168,2323.45,18.5876,2.32345
372,H100,CUDA Explicit Memory,5792,1,1,1024,2,float,2.37187,2500.57,20.0045,2.50057
373,H100,CUDA Explicit Memory,6208,1,1,1024,2,float,2.36162,2691.8,21.5344,2.6918
374,H100,CUDA Explicit Memory,6653,1,1,1024,2,float,2.39958,2839.11,22.7129,2.83911
375,H100,CUDA Explicit Memory,7131,1,1,1024,2,float,2.38843,3057.29,24.4583,3.05729
376,H100,CUDA Explicit Memory,7643,1,1,1024,2,float,2.41464,3241.25,25.93,3.24125
377,H100,CUDA Explicit Memory,8192,1,1,1024,2,float,2.36429,3548.05,28.3844,3.54805
378,H100,CUDA Explicit Memory,8779,1,1,1024,2,float,2.38155,3774.73,30.1978,3.77473
379,H100,CUDA Explicit Memory,9410,1,1,1024,2,float,2.40589,4005.11,32.0409,4.00511
380,H100,CUDA Explicit Memory,10085,1,1,1024,2,float,2.57382,4012.35,32.0988,4.01235
381,H100,CUDA Explicit Memory,10809,1,1,1024,2,float,2.40406,4604.06,36.8325,4.60406
382,H100,CUDA Explicit Memory,11585,1,1,1024,2,float,2.3888,4966.12,39.7289,4.96612
383,H100,CUDA Explicit Memory,12416,1,1,1024,2,float,2.39739,5303.27,42.4262,5.30327
384,H100,CUDA Explicit Memory,13307,1,1,1024,2,float,2.40421,5667.72,45.3418,5.66772
385,H100,CUDA Explicit Memory,14263,1,1,1024,2,float,2.41485,6048.13,48.3851,6.04813
386,H100,CUDA Explicit Memory,15286,1,1,1024,2,float,2.41754,6474.72,51.7977,6.47472
387,H100,CUDA Explicit Memory,16384,1,1,1024,2,float,2.4375,6882.97,55.0638,6.88297
388,H100,CUDA Explicit Memory,17559,1,1,1024,2,float,2.42525,7413.85,59.3108,7.41385
389,H100,CUDA Explicit Memory,18820,1,1,1024,2,float,2.42964,7931.92,63.4554,7.93192
390,H100,CUDA Explicit Memory,20171,1,1,1024,2,float,2.45397,8417.03,67.3362,8.41703
391,H100,CUDA Explicit Memory,21618,1,1,1024,2,float,2.48448,8910.06,71.2805,8.91006
392,H100,CUDA Explicit Memory,23170,1,1,1024,2,float,2.44647,9698.1,77.5848,9.6981
393,H100,CUDA Explicit Memory,24833,1,1,1024,2,float,2.44051,10419.6,83.3565,10.4196
394,H100,CUDA Explicit Memory,26615,1,1,1024,2,float,2.53472,10752.2,86.0176,10.7522
395,H100,CUDA Explicit Memory,28526,1,1,1024,2,float,2.45371,11904.7,95.2376,11.9047
396,H100,CUDA Explicit Memory,30573,1,1,1024,2,float,2.47282,12660.4,101.283,12.6604
397,H100,CUDA Explicit Memory,32768,1,1,1024,2,float,2.42558,13833.6,110.669,13.8336
398,H100,CUDA Explicit Memory,35119,1,1,1024,2,float,2.40268,14967.4,119.739,14.9674
399,H100,CUDA Explicit Memory,37640,1,1,1024,2,float,2.49056,15475.8,123.806,15.4758
400,H100,CUDA Explicit Memory,40342,1,1,1024,2,float,2.43913,16936.5,135.492,16.9365
401,H100,CUDA Explicit Memory,43237,1,1,1024,2,float,2.51664,17592.8,140.742,17.5928
402,H100,CUDA Explicit Memory,46340,1,1,1024,2,float,2.41913,19615.4,156.923,19.6154
403,H100,CUDA Explicit Memory,49667,1,1,1024,2,float,2.4314,20917.6,167.341,20.9176
404,H100,CUDA Explicit Memory,53231,1,1,1024,2,float,2.43228,22410.5,179.284,22.4105
405,H100,CUDA Explicit Memory,57052,1,1,1024,2,float,2.4662,23688.8,189.51,23.6888
406,H100,CUDA Explicit Memory,61147,1,1,1024,2,float,2.58837,24190.8,193.526,24.1908
407,H100,CUDA Explicit Memory,65536,1,1,1024,2,float,2.46007,27279.3,218.234,27.2793
408,H100,CUDA Explicit Memory,70239,1,1,1024,2,float,2.53017,28426.8,227.414,28.4268
409,H100,CUDA Explicit Memory,75281,1,1,1024,2,float,2.51015,30710.5,245.684,30.7105
410,H100,CUDA Explicit Memory,80684,1,1,1024,2,float,2.43423,33941.1,271.529,33.9411
411,H100,CUDA Explicit Memory,86475,1,1,1024,2,float,2.49267,35524.4,284.195,35.5244
412,H100,CUDA Explicit Memory,92681,1,1,1024,2,float,2.47025,38419.4,307.355,38.4194
413,H100,CUDA Explicit Memory,99334,1,1,1024,2,float,2.55693,39781.4,318.251,39.7814
414,H100,CUDA Explicit Memory,106463,1,1,1024,2,float,2.47405,44064.7,352.518,44.0647
415,H100,CUDA Explicit Memory,114104,1,1,1024,2,float,2.48607,46999.0,375.992,46.999
416,H100,CUDA Explicit Memory,122294,1,1,1024,2,float,2.51285,49835.5,398.684,49.8355
417,H100,CUDA Explicit Memory,131072,1,1,1024,2,float,2.51009,53471.4,427.771,53.4714
418,H100,CUDA Explicit Memory,140479,1,1,1024,2,float,2.55219,56363.6,450.909,56.3636
419,H100,CUDA Explicit Memory,150562,1,1,1024,2,float,2.72158,56649.3,453.195,56.6493
420,H100,CUDA Explicit Memory,161368,1,1,1024,2,float,2.57282,64225.7,513.805,64.2257
421,H100,CUDA Explicit Memory,172950,1,1,1024,2,float,2.58998,68379.3,547.035,68.3793
422,H100,CUDA Explicit Memory,185363,1,1,1024,2,float,2.69101,70535.6,564.285,70.5356
423,H100,CUDA Explicit Memory,198668,1,1,1024,2,float,2.64358,76954.9,615.639,76.9549
424,H100,CUDA Explicit Memory,212927,1,1,1024,2,float,2.70202,80694.3,645.554,80.6943
425,H100,CUDA Explicit Memory,228209,1,1,1024,2,float,2.74707,85067.5,680.54,85.0675
426,H100,CUDA Explicit Memory,244589,1,1,1024,2,float,2.81538,88961.2,711.689,88.9612
427,H100,CUDA Explicit Memory,262144,1,1,1024,2,float,2.80442,95718.8,765.751,95.7188
428,H100,CUDA Explicit Memory,280958,1,1,1024,2,float,2.88269,99803.1,798.425,99.8031
429,H100,CUDA Explicit Memory,301124,1,1,1024,2,float,2.95286,104425.0,835.398,104.425
430,H100,CUDA Explicit Memory,322737,1,1,1024,2,float,3.00605,109939.0,879.512,109.939
431,H100,CUDA Explicit Memory,345901,1,1,1024,2,float,3.00845,117736.0,941.889,117.736
432,H100,CUDA Explicit Memory,370727,1,1,1024,2,float,3.07104,123614.0,988.916,123.614
433,H100,CUDA Explicit Memory,397336,1,1,1024,2,float,3.14273,129464.0,1035.71,129.464
434,H100,CUDA Explicit Memory,425854,1,1,1024,2,float,3.24876,134228.0,1073.83,134.228
435,H100,CUDA Explicit Memory,456419,1,1,1024,2,float,3.29955,141648.0,1133.18,141.648
436,H100,CUDA Explicit Memory,489178,1,1,1024,2,float,3.39258,147651.0,1181.21,147.651
437,H100,CUDA Explicit Memory,524288,1,1,512,2,float,1.72175,155909.0,1247.27,155.909
438,H100,CUDA Explicit Memory,561917,1,1,512,2,float,1.78497,161180.0,1289.44,161.18
439,H100,CUDA Explicit Memory,602248,1,1,512,2,float,1.82742,168736.0,1349.89,168.736
440,H100,CUDA Explicit Memory,645474,1,1,512,2,float,1.95831,168759.0,1350.08,168.759
441,H100,CUDA Explicit Memory,691802,1,1,512,2,float,1.91927,184551.0,1476.41,184.551
442,H100,CUDA Explicit Memory,741455,1,1,512,2,float,1.98694,191060.0,1528.48,191.06
443,H100,CUDA Explicit Memory,794672,1,1,512,2,float,2.0443,199028.0,1592.22,199.028
444,H100,CUDA Explicit Memory,851708,1,1,512,2,float,2.15888,201991.0,1615.93,201.991
445,H100,CUDA Explicit Memory,912838,1,1,512,2,float,2.19385,213038.0,1704.31,213.038
446,H100,CUDA Explicit Memory,978356,1,1,512,2,float,2.27498,220186.0,1761.49,220.186
447,H100,CUDA Explicit Memory,1048576,1,1,128,2,float,0.598759,224160.0,1793.28,224.16
448,H100,CUDA Explicit Memory,1123835,1,1,128,2,float,0.620659,231771.0,1854.17,231.771
449,H100,CUDA Explicit Memory,1204497,1,1,128,2,float,0.639459,241103.0,1928.83,241.103
450,H100,CUDA Explicit Memory,1290948,1,1,128,2,float,0.665089,248450.0,1987.6,248.45
451,H100,CUDA Explicit Memory,1383604,1,1,128,2,float,0.693809,255259.0,2042.08,255.259
452,H100,CUDA Explicit Memory,1482910,1,1,128,2,float,0.723499,262353.0,2098.83,262.353
453,H100,CUDA Explicit Memory,1589344,1,1,128,2,float,0.759009,268028.0,2144.23,268.028
454,H100,CUDA Explicit Memory,1703416,1,1,128,2,float,0.790848,275701.0,2205.6,275.701
455,H100,CUDA Explicit Memory,1825676,1,1,128,2,float,0.847169,275844.0,2206.75,275.844
456,H100,CUDA Explicit Memory,1956712,1,1,128,2,float,0.868289,288451.0,2307.61,288.451
457,H100,CUDA Explicit Memory,2097152,1,1,32,2,float,0.23175,289574.0,2316.6,289.574
458,H100,CUDA Explicit Memory,2247671,1,1,32,2,float,0.24314,295819.0,2366.55,295.819
459,H100,CUDA Explicit Memory,2408995,1,1,32,2,float,0.256279,300797.0,2406.37,300.797
460,H100,CUDA Explicit Memory,2581896,1,1,32,2,float,0.268809,307358.0,2458.87,307.358
461,H100,CUDA Explicit Memory,2767208,1,1,32,2,float,0.28145,314623.0,2516.98,314.623
462,H100,CUDA Explicit Memory,2965820,1,1,32,2,float,0.298499,317945.0,2543.56,317.945
463,H100,CUDA Explicit Memory,3178688,1,1,32,2,float,0.313599,324357.0,2594.86,324.357
464,H100,CUDA Explicit Memory,3406833,1,1,32,2,float,0.33122,329143.0,2633.14,329.143
465,H100,CUDA Explicit Memory,3651353,1,1,32,2,float,0.349309,334498.0,2675.99,334.498
466,H100,CUDA Explicit Memory,3913424,1,1,32,2,float,0.3703,338184.0,2705.47,338.184
467,H100,CUDA Explicit Memory,4194304,1,1,8,2,float,0.104609,320760.0,2566.08,320.76
468,H100,CUDA Explicit Memory,4495343,1,1,8,2,float,0.10897,330024.0,2640.19,330.024
469,H100,CUDA Explicit Memory,4817990,1,1,8,2,float,0.118369,325625.0,2605.0,325.625
470,H100,CUDA Explicit Memory,5163793,1,1,8,2,float,0.12622,327288.0,2618.31,327.288
471,H100,CUDA Explicit Memory,5534417,1,1,8,2,float,0.14336,308840.0,2470.72,308.84
472,H100,CUDA Explicit Memory,5931641,1,1,8,2,float,0.16513,287368.0,2298.95,287.368
473,H100,CUDA Explicit Memory,6357376,1,1,8,2,float,0.19647,258864.0,2070.91,258.864
474,H100,CUDA Explicit Memory,6813666,1,1,8,2,float,0.23442,232528.0,1860.23,232.528
475,H100,CUDA Explicit Memory,7302707,1,1,8,2,float,0.25803,226414.0,1811.31,226.414
476,H100,CUDA Explicit Memory,7826848,1,1,8,2,float,0.278659,224700.0,1797.6,224.7
477,H100,CUDA Explicit Memory,8388608,1,1,2,2,float,0.07869,213206.0,1705.65,213.206
478,H100,CUDA Explicit Memory,8990687,1,1,2,2,float,0.08363,215011.0,1720.09,215.011
479,H100,CUDA Explicit Memory,9635980,1,1,2,2,float,0.08883,216953.0,1735.63,216.953
480,H100,CUDA Explicit Memory,10327587,1,1,2,2,float,0.09468,218158.0,1745.26,218.158
481,H100,CUDA Explicit Memory,11068834,1,1,2,2,float,0.10024,220847.0,1766.77,220.847
482,H100,CUDA Explicit Memory,11863283,1,1,2,2,float,0.106719,222327.0,1778.62,222.327
483,H100,CUDA Explicit Memory,12714752,1,1,2,2,float,0.11352,224009.0,1792.07,224.009
484,H100,CUDA Explicit Memory,13627333,1,1,2,2,float,0.12051,226161.0,1809.29,226.161
485,H100,CUDA Explicit Memory,14605414,1,1,2,2,float,0.128599,227147.0,1817.17,227.147
486,H100,CUDA Explicit Memory,15653696,1,1,2,2,float,0.13698,228554.0,1828.44,228.554
487,H100,CUDA Explicit Memory,16777216,1,1,2,2,float,0.14621,229495.0,1835.96,229.495
488,H100,CUDA Explicit Memory,17981374,1,1,2,2,float,0.1557,230975.0,1847.8,230.975
489,H100,CUDA Explicit Memory,19271960,1,1,2,2,float,0.16587,232374.0,1858.99,232.374
490,H100,CUDA Explicit Memory,20655175,1,1,2,2,float,0.17723,233089.0,1864.71,233.089
491,H100,CUDA Explicit Memory,22137669,1,1,2,2,float,0.18888,234410.0,1875.28,234.41
492,H100,CUDA Explicit Memory,23726566,1,1,2,2,float,0.201679,235290.0,1882.32,235.29
493,H100,CUDA Explicit Memory,25429504,1,1,2,2,float,0.215359,236159.0,1889.27,236.159
494,H100,CUDA Explicit Memory,27254667,1,1,2,2,float,0.22983,237172.0,1897.38,237.172
495,H100,CUDA Explicit Memory,29210829,1,1,2,2,float,0.24553,237941.0,1903.53,237.941
496,H100,CUDA Explicit Memory,31307392,1,1,2,2,float,0.262859,238207.0,1905.65,238.207
497,H100,CUDA Explicit Memory,33554432,1,1,2,2,float,0.28122,238635.0,1909.08,238.635
498,H100,CUDA Explicit Memory,35962749,1,1,2,2,float,0.30265,237652.0,1901.22,237.652
499,H100,CUDA Explicit Memory,38543920,1,1,2,2,float,0.32154,239746.0,1917.97,239.746
500,H100,CUDA Explicit Memory,41310351,1,1,2,2,float,0.346959,238128.0,1905.03,238.128
501,H100,CUDA Explicit Memory,44275338,1,1,2,2,float,0.37077,238829.0,1910.63,238.829
502,H100,CUDA Explicit Memory,47453132,1,1,2,2,float,0.398269,238297.0,1906.38,238.297
503,H100,CUDA Explicit Memory,50859008,1,1,2,2,float,0.423209,240349.0,1922.79,240.349
504,H100,CUDA Explicit Memory,54509335,1,1,2,2,float,0.455539,239318.0,1914.54,239.318
505,H100,CUDA Explicit Memory,58421659,1,1,2,2,float,0.486729,240058.0,1920.47,240.058
506,H100,CUDA Explicit Memory,62614784,1,1,2,2,float,0.521159,240291.0,1922.32,240.291
507,H100,CUDA Explicit Memory,67108864,1,1,2,2,float,0.55462,241999.0,1936.0,241.999
508,H100,CUDA Explicit Memory,71925499,1,1,2,2,float,0.593029,242570.0,1940.56,242.57
509,H100,CUDA Explicit Memory,77087841,1,1,2,2,float,0.635669,242541.0,1940.33,242.541
510,H100,CUDA Explicit Memory,82620702,1,1,2,2,float,0.679959,243017.0,1944.13,243.017
511,H100,CUDA Explicit Memory,88550676,1,1,2,2,float,0.726858,243653.0,1949.23,243.653
512,H100,CUDA Explicit Memory,94906265,1,1,2,2,float,0.778729,243747.0,1949.97,243.747
513,H100,CUDA Explicit Memory,101718016,1,1,2,2,float,0.833339,244122.0,1952.97,244.122
514,H100,CUDA Explicit Memory,109018671,1,1,2,2,float,0.891309,244626.0,1957.01,244.626
515,H100,CUDA Explicit Memory,116843318,1,1,2,2,float,0.955309,244619.0,1956.95,244.619
516,H100,CUDA Explicit Memory,125229568,1,1,2,2,float,1.0231,244804.0,1958.44,244.804
517,H100,CUDA Explicit Memory,134217728,1,1,2,2,float,1.09447,245266.0,1962.13,245.266
518,H100,CUDA Explicit Memory,143850999,1,1,2,2,float,1.17389,245085.0,1960.68,245.085
519,H100,CUDA Explicit Memory,154175683,1,1,2,2,float,1.25627,245450.0,1963.6,245.45
520,H100,CUDA Explicit Memory,165241405,1,1,2,2,float,1.34472,245764.0,1966.11,245.764
521,H100,CUDA Explicit Memory,177101353,1,1,2,2,float,1.44249,245550.0,1964.4,245.55
522,H100,CUDA Explicit Memory,189812531,1,1,2,2,float,1.54423,245835.0,1966.68,245.835
523,H100,CUDA Explicit Memory,203436033,1,1,2,2,float,1.65321,246111.0,1968.89,246.111
524,H100,CUDA Explicit Memory,218037342,1,1,2,2,float,1.77255,246016.0,1968.13,246.016
525,H100,CUDA Explicit Memory,233686637,1,1,2,2,float,1.89817,246223.0,1969.79,246.223
526,H100,CUDA Explicit Memory,250459136,1,1,2,2,float,2.03401,246272.0,1970.17,246.272
527,H100,CUDA Explicit Memory,268435456,1,1,2,2,float,2.17797,246501.0,1972.01,246.501
528,H100,CUDA Explicit Memory,287701998,1,1,2,2,float,2.33356,246578.0,1972.62,246.578
529,H100,CUDA Explicit Memory,308351366,1,1,2,2,float,2.50214,246470.0,1971.76,246.47
530,H100,CUDA Explicit Memory,330482811,1,1,2,2,float,2.67938,246686.0,1973.49,246.686
531,H100,CUDA Explicit Memory,354202707,1,1,2,2,float,2.86802,247002.0,1976.01,247.002
532,H100,CUDA Explicit Memory,379625062,1,1,2,2,float,3.07519,246896.0,1975.16,246.896
533,H100,CUDA Explicit Memory,406872067,1,1,2,2,float,3.29489,246972.0,1975.77,246.972
534,H100,CUDA Explicit Memory,436074684,1,1,2,2,float,3.53067,247021.0,1976.17,247.021
535,H100,CUDA Explicit Memory,467373274,1,1,2,2,float,3.78477,246976.0,1975.81,246.976
536,H100,CUDA Explicit Memory,500918273,1,1,2,2,float,4.05451,247092.0,1976.74,247.092
537,H100,CUDA Explicit Memory,536870912,1,1,2,2,float,4.34438,247157.0,1977.25,247.157
538,H100,CUDA Explicit Memory,575403996,1,1,2,2,float,4.65511,247214.0,1977.71,247.214
539,H100,CUDA Explicit Memory,616702733,1,1,2,2,float,4.98856,247247.0,1977.97,247.247
540,H100,CUDA Explicit Memory,660965623,1,1,2,2,float,5.34703,247227.0,1977.82,247.227
541,H100,CUDA Explicit Memory,708405415,1,1,2,2,float,5.72416,247514.0,1980.11,247.514
542,H100,CUDA Explicit Memory,759250124,1,1,2,2,float,6.14022,247304.0,1978.43,247.304
543,H100,CUDA Explicit Memory,813744135,1,1,2,2,float,6.58122,247293.0,1978.34,247.293
544,H100,CUDA Explicit Memory,872149369,1,1,2,2,float,7.04917,247448.0,1979.58,247.448
545,H100,CUDA Explicit Memory,934746549,1,1,2,2,float,7.5551,247448.0,1979.58,247.448
546,H100,CUDA Explicit Memory,1001836546,1,1,2,2,float,8.09583,247494.0,1979.95,247.494
547,H100,CUDA Explicit Memory,1073741824,1,1,2,2,float,8.67304,247605.0,1980.84,247.605
